{
	"partitions" : [
		{
			"name" : "Top",
			"pins" : [
				{
					"name" : "PresentTime[0]",
					"strict" : false
				},
				{
					"name" : "PresentTime[1]",
					"strict" : false
				},
				{
					"name" : "PresentTime[2]",
					"strict" : false
				},
				{
					"name" : "PresentTime[3]",
					"strict" : false
				},
				{
					"name" : "PresentTime[4]",
					"strict" : false
				},
				{
					"name" : "PresentTime[5]",
					"strict" : false
				},
				{
					"name" : "PresentTime[6]",
					"strict" : false
				},
				{
					"name" : "PresentTime[8]",
					"strict" : false
				},
				{
					"name" : "PresentTime[9]",
					"strict" : false
				},
				{
					"name" : "PresentTime[10]",
					"strict" : false
				},
				{
					"name" : "PresentTime[11]",
					"strict" : false
				},
				{
					"name" : "nReset",
					"strict" : false
				},
				{
					"name" : "Clk",
					"strict" : false
				},
				{
					"name" : "Coin[2]",
					"strict" : false
				},
				{
					"name" : "ModeEnable",
					"strict" : false
				},
				{
					"name" : "Coin[0]",
					"strict" : false
				},
				{
					"name" : "Coin[1]",
					"strict" : false
				}
			]
		}
	]
}